{"training_loss": -0.41663509607315063, "epoch": 2, "batch_size": 5, "_timestamp": 1706859487.1158442, "_runtime": 188.8094551563263, "_step": 67, "_wandb": {"runtime": 190}}