{"training_loss": -0.48015862703323364, "epoch": 2, "batch_size": 5, "_timestamp": 1706858124.8757796, "_runtime": 172.1287705898285, "_step": 60, "_wandb": {"runtime": 172}}