{"training_loss": 0.8967432379722595, "epoch": 1, "batch_size": 5, "_timestamp": 1706858347.291549, "_runtime": 71.26848292350769, "_step": 24, "_wandb": {"runtime": 73}}