{"training_loss": 0.3618623912334442, "epoch": 3, "batch_size": 5, "_timestamp": 1706849528.7711582, "_runtime": 249.33351516723633, "_step": 89, "_wandb": {"runtime": 250}}