{"training_loss": 0.6311545372009277, "epoch": 4, "batch_size": 5, "_timestamp": 1706847023.0948136, "_runtime": 390.71912360191345, "_step": 141, "_wandb": {"runtime": 392}}