{"training_loss": 1.1539186239242554, "epoch": 2, "batch_size": 5, "_timestamp": 1706856515.2922041, "_runtime": 175.71691823005676, "_step": 60, "_wandb": {"runtime": 178}}