{"training_loss": 0.3335409164428711, "epoch": 2, "batch_size": 5, "_timestamp": 1706848703.1442301, "_runtime": 165.37593722343445, "_step": 60, "_wandb": {"runtime": 165}}