{"training_loss": 0.31538888812065125, "epoch": 2, "batch_size": 5, "_timestamp": 1706848506.5675094, "_runtime": 143.28777837753296, "_step": 51, "_wandb": {"runtime": 145}}