{"training_loss": 2.4935038089752197, "epoch": 2, "batch_size": 5, "_timestamp": 1706857663.2579458, "_runtime": 305.3005847930908, "_step": 107, "_wandb": {"runtime": 307}}