{"training_loss": 0.3026026785373688, "epoch": 9, "batch_size": 5, "_timestamp": 1706848307.5631158, "_runtime": 973.9037108421326, "_step": 355, "_wandb": {"runtime": 976}}