{"training_loss": 0.2847413420677185, "epoch": 2, "batch_size": 2, "_timestamp": 1706845561.5311534, "_runtime": 121.83056545257568, "_step": 109, "_wandb": {"runtime": 122}}