{"training_loss": -0.15689073503017426, "epoch": 3, "batch_size": 5, "_timestamp": 1706849895.6628666, "_runtime": 245.65645170211792, "_step": 88, "_wandb": {"runtime": 246}}