{"training_loss": 0.40906020998954773, "epoch": 1, "batch_size": 5, "_timestamp": 1706847310.694517, "_runtime": 87.42714786529541, "_step": 31, "_wandb": {"runtime": 90}}