{"training_loss": -0.001281568082049489, "epoch": 2, "batch_size": 5, "_timestamp": 1706851945.1904569, "_runtime": 167.73668098449707, "_step": 57, "_wandb": {"runtime": 169}}