{"training_loss": 1.1349055767059326, "epoch": 1, "batch_size": 5, "_timestamp": 1706858693.466132, "_runtime": 43.119515895843506, "_step": 14, "_wandb": {"runtime": 45}}