{"training_loss": 92.4719009399414, "epoch": 2, "batch_size": 5, "_timestamp": 1706854150.3734381, "_runtime": 167.20815920829773, "_step": 57, "_wandb": {"runtime": 167}}