{"training_loss": 2.2382490634918213, "epoch": 1, "batch_size": 5, "_timestamp": 1706852752.357876, "_runtime": 48.495795011520386, "_step": 15, "_wandb": {"runtime": 51}}