{"training_loss": -0.6219059228897095, "epoch": 1, "batch_size": 5, "_timestamp": 1706848786.1029043, "_runtime": 21.972978353500366, "_step": 6, "_wandb": {"runtime": 23}}