{"training_loss": 0.5423295497894287, "epoch": 1, "batch_size": 5, "_timestamp": 1706845782.776677, "_runtime": 117.14236879348755, "_step": 42, "_wandb": {"runtime": 117}}