{"training_loss": 3.0554614067077637, "epoch": 1, "batch_size": 5, "_timestamp": 1706852344.8479016, "_runtime": 107.98887252807617, "_step": 35, "_wandb": {"runtime": 109}}