{"training_loss": 0.5785304307937622, "epoch": 2, "batch_size": 5, "_timestamp": 1706859034.3014166, "_runtime": 192.28624963760376, "_step": 68, "_wandb": {"runtime": 193}}