{"training_loss": 0.4338246285915375, "epoch": 1, "batch_size": 5, "_timestamp": 1706846266.3907304, "_runtime": 119.98175430297852, "_step": 42, "_wandb": {"runtime": 119}}