{"training_loss": -0.02661316469311714, "epoch": 1, "batch_size": 5, "_timestamp": 1706858822.575976, "_runtime": 101.78925490379333, "_step": 36, "_wandb": {"runtime": 102}}