{"training_loss": 0.011357235722243786, "epoch": 5, "batch_size": 5, "_timestamp": 1706850475.229628, "_runtime": 482.25850915908813, "_step": 175, "_wandb": {"runtime": 484}}