{"training_loss": 0.48334017395973206, "epoch": 1, "batch_size": 5, "_timestamp": 1706846487.123998, "_runtime": 87.6336829662323, "_step": 32, "_wandb": {"runtime": 90}}