{"training_loss": 0.5315232276916504, "epoch": 2, "batch_size": 5, "_timestamp": 1706847197.4337463, "_runtime": 151.8203902244568, "_step": 56, "_wandb": {"runtime": 153}}