{"training_loss": 63.71055221557617, "epoch": 2, "batch_size": 5, "_timestamp": 1706853282.9987495, "_runtime": 162.80493354797363, "_step": 56, "_wandb": {"runtime": 163}}