{"training_loss": 1.0989474058151245, "epoch": 2, "batch_size": 5, "_timestamp": 1706857110.393893, "_runtime": 169.92670893669128, "_step": 59, "_wandb": {"runtime": 169}}