{"training_loss": -1.354144205834018e-05, "epoch": 1, "batch_size": 5, "_timestamp": 1706852074.8388383, "_runtime": 107.27189230918884, "_step": 35, "_wandb": {"runtime": 107}}