{"training_loss": 0.2254587709903717, "epoch": 1, "batch_size": 5, "_timestamp": 1706858428.8981698, "_runtime": 52.05073666572571, "_step": 17, "_wandb": {"runtime": 52}}