{"training_loss": 1.834885597229004, "epoch": 2, "batch_size": 5, "_timestamp": 1706856317.0183117, "_runtime": 170.9844377040863, "_step": 59, "_wandb": {"runtime": 171}}