{"training_loss": 1.2454595565795898, "epoch": 1, "batch_size": 5, "_timestamp": 1706857258.5597563, "_runtime": 130.15697526931763, "_step": 44, "_wandb": {"runtime": 129}}