{"training_loss": -0.058450307697057724, "epoch": 1, "batch_size": 5, "_timestamp": 1706848742.0892665, "_runtime": 17.339889526367188, "_step": 5, "_wandb": {"runtime": 18}}