{"training_loss": 1.7450706958770752, "epoch": 2, "batch_size": 5, "_timestamp": 1706856122.4364362, "_runtime": 197.0280830860138, "_step": 68, "_wandb": {"runtime": 197}}