{"training_loss": 0.6233639121055603, "epoch": 1, "batch_size": 5, "_timestamp": 1706846610.465044, "_runtime": 39.566471099853516, "_step": 14, "_wandb": {"runtime": 41}}