{"training_loss": 0.008804402314126492, "epoch": 2, "batch_size": 5, "_timestamp": 1706862358.4755638, "_runtime": 311.5343358516693, "_step": 85, "_wandb": {"runtime": 311}}