{"training_loss": 0.00023922338732518256, "epoch": 1, "batch_size": 5, "_timestamp": 1706862765.3189807, "_runtime": 8.695449590682983, "_step": 1, "_wandb": {"runtime": 10}}