{"training_loss": 0.32119250297546387, "epoch": 1, "batch_size": 5, "_timestamp": 1706846047.8283074, "_runtime": 116.52988028526306, "_step": 42, "_wandb": {"runtime": 116}}