{"training_loss": -0.4307347238063812, "epoch": 2, "batch_size": 5, "_timestamp": 1706857878.9137974, "_runtime": 183.0095283985138, "_step": 63, "_wandb": {"runtime": 185}}