{"training_loss": 3.837609052658081, "epoch": 1, "batch_size": 5, "_timestamp": 1706858257.5879967, "_runtime": 16.193381786346436, "_step": 4, "_wandb": {"runtime": 16}}