{"training_loss": NaN, "epoch": 1, "batch_size": 5, "_timestamp": 1706852785.5260959, "_runtime": 5.498971939086914, "_step": 0, "_wandb": {"runtime": 6}}