{"training_loss": 0.6642616391181946, "epoch": 3, "batch_size": 5, "_timestamp": 1706849075.0998921, "_runtime": 266.72758412361145, "_step": 94, "_wandb": {"runtime": 266}}