{"training_loss": 0.00141044647898525, "epoch": 2, "batch_size": 5, "_timestamp": 1706861270.1883, "_runtime": 273.45393896102905, "_step": 69, "_wandb": {"runtime": 274}}