{"training_loss": 2.9782776832580566, "epoch": 1, "batch_size": 5, "_timestamp": 1706860286.5228353, "_runtime": 16.011133193969727, "_step": 3, "_wandb": {"runtime": 16}}