{"training_loss": 3.978656768798828, "epoch": 3, "batch_size": 5, "_timestamp": 1706856920.1834705, "_runtime": 376.65575551986694, "_step": 130, "_wandb": {"runtime": 376}}