{"training_loss": 6.18144913460128e-05, "epoch": 1, "batch_size": 5, "_timestamp": 1706849974.1850605, "_runtime": 40.82711958885193, "_step": 13, "_wandb": {"runtime": 40}}