{"training_loss": 1.5687707662582397, "epoch": 1, "batch_size": 5, "_timestamp": 1706852214.6624382, "_runtime": 111.62971806526184, "_step": 39, "_wandb": {"runtime": 114}}