{"training_loss": 2.3695716857910156, "epoch": 1, "batch_size": 5, "_timestamp": 1706853101.6719415, "_runtime": 106.62467241287231, "_step": 37, "_wandb": {"runtime": 109}}