{"training_loss": 0.0015470063081011176, "epoch": 1, "batch_size": 5, "_timestamp": 1706862397.4020293, "_runtime": 20.499492168426514, "_step": 4, "_wandb": {"runtime": 20}}