{"training_loss": 0.0003693814214784652, "epoch": 1, "batch_size": 5, "_timestamp": 1706852655.1212301, "_runtime": 52.17327904701233, "_step": 17, "_wandb": {"runtime": 54}}