{"training_loss": 4.061931133270264, "epoch": 1, "batch_size": 5, "_timestamp": 1706858188.2521248, "_runtime": 13.077730894088745, "_step": 3, "_wandb": {"runtime": 13}}