{"training_loss": -0.7335519194602966, "epoch": 1, "batch_size": 5, "_timestamp": 1706852583.593889, "_runtime": 87.46818804740906, "_step": 28, "_wandb": {"runtime": 87}}