{"training_loss": 0.21463148295879364, "epoch": 1, "batch_size": 5, "_timestamp": 1706858217.4168415, "_runtime": 9.1067054271698, "_step": 2, "_wandb": {"runtime": 11}}