{"training_loss": 2.719350814819336, "epoch": 2, "batch_size": 5, "_timestamp": 1706860173.4957232, "_runtime": 259.2510931491852, "_step": 70, "_wandb": {"runtime": 259}}