{"training_loss": 3.3072738647460938, "epoch": 2, "batch_size": 5, "_timestamp": 1706853960.894323, "_runtime": 214.5242760181427, "_step": 76, "_wandb": {"runtime": 214}}