{"training_loss": -0.004569840617477894, "epoch": 1, "batch_size": 5, "_timestamp": 1706858630.707246, "_runtime": 18.85499405860901, "_step": 5, "_wandb": {"runtime": 19}}