{"training_loss": 6.044782638549805, "epoch": 2, "batch_size": 5, "_timestamp": 1706859703.3793736, "_runtime": 178.71471858024597, "_step": 63, "_wandb": {"runtime": 178}}