{"training_loss": 3.3156681060791016, "epoch": 1, "batch_size": 5, "_timestamp": 1706852420.9040189, "_runtime": 41.46271586418152, "_step": 13, "_wandb": {"runtime": 41}}